{
  "score": 0.98,
  "cls": 0,
  "tti_ms": 4136.329225541853,
  "fcp_ms": 1984.696725541852,
  "lcp_ms": 1984.696725541852
}